Annual Distance (miles/vehicle),2020.0
LDVs,9035.577283795
HDVs,25236.375286693
aircraft,1091205.480033892
rail,13960.776552406
ships,0.0
motorbikes,0.0
