Annual Distance (miles/vehicle),2020.0
LDVs,9075.836096401
HDVs,23803.786225449
aircraft,311576.416046656
rail,13168.097385392
ships,0.0
motorbikes,0.0
