Annual Distance (miles/vehicle),2020.0
LDVs,10012.099218664
HDVs,12586.465948127
aircraft,1122704.321279785
rail,348309.8
ships,183.126518486
motorbikes,1973.477421907
