Annual Distance (miles/vehicle),2020.0
LDVs,10056.265107963
HDVs,11871.999588581
aircraft,320570.352342163
rail,343409.4
ships,183.771235017
motorbikes,1982.645334492
