Annual Distance (miles/vehicle),2020.0
LDVs,10095.724731871
HDVs,6929.292371389
aircraft,856674.761104874
rail,348309.8
ships,172.515687306
motorbikes,1716.264311857
