Annual Distance (miles/vehicle),2020.0
LDVs,8808.081869918
HDVs,25460.113541984
aircraft,668945.574142467
rail,13583.585541612
ships,0.0
motorbikes,0.0
