Unit: dimensionless (ratio of electricity demand in this hour to annual demand),Hour0,Hour1,Hour2,Hour3,Hour4,Hour5,Hour6,Hour7,Hour8,Hour9,Hour10,Hour11,Hour12,Hour13,Hour14,Hour15,Hour16,Hour17,Hour18,Hour19,Hour20,Hour21,Hour22,Hour23
Winter,0.0,0.0,0.0,0.0,0.0,0.0,3.7303798273248055e-06,2.71461949313153e-06,0.0,0.0,0.0,0.0,3.118130285889808e-05,2.5777457880989855e-05,3.085372015112075e-05,1.0447095037177841e-05,0.0,0.0,4.296666213637557e-06,2.953323171666949e-06,0.0,0.0,0.0,1.2371960870474098e-05
Spring,0.0,0.0,0.0,0.0,0.0,0.0,0.0,0.0,0.0,0.0,0.0,0.0,0.0,0.0,0.0,0.0,0.0,0.0,0.0,0.0,0.0,0.0,2.8233720941293967e-05,4.7961553171039025e-06
Summer,0.000651538488709201,0.0003131147475389958,8.356836923379244e-05,1.371607677356855e-05,1.7177390521064113e-05,2.389797003653636e-05,0.0,0.0,0.0,2.5802520663148757e-06,2.371910789073276e-05,8.333982315859895e-05,6.29594753228667e-05,7.50724173081215e-05,7.197876463811114e-05,9.112363876301481e-05,0.00010619443067794764,0.00022642622753951845,0.00016701087251313047,0.00021956322075979522,0.0002538351952529402,0.000573869258024968,0.0009926153517088262,0.0008234548211840931
Fall,0.0007639683339746443,0.000478423117405033,0.0002610820443243107,0.00023259746026413003,0.00017686219117268233,7.034723127594938e-05,1.7324541831060395e-05,6.863376015482665e-05,0.00014345699762472936,0.00010804359594065001,0.00012070729650055141,0.00020844900720434173,0.00023927650075666976,0.00025747526254748675,0.00021146131940853128,0.00017493391171859084,0.00039081628635217645,0.00025997303386107663,0.00017661241404132332,0.00024209398679839932,0.0006505295519966398,0.0011501637433966793,0.0012945349253221828,0.0010461765280692992
Summer Peak,0.00040016894125878295,0.0005201099215203249,0.00010385133656792053,0.0,0.0,0.0,0.0,0.0,0.0,0.0,0.0,0.0,0.0,0.0,0.0,0.0,0.0,0.0,0.0,0.0,0.0,7.368325464238023e-05,0.0003271560884369702,7.666959002490846e-05
Winter Peak,0.0,0.0,0.0,0.0,0.0,0.0,0.0,0.0,0.0,0.0,0.0,0.0,0.0,0.0,0.0,0.0,0.0,0.0,0.0,0.0,0.0,0.0,0.0,0.0
