Unit: dimensionless (ratio of electricity demand in this hour to annual demand),Hour0,Hour1,Hour2,Hour3,Hour4,Hour5,Hour6,Hour7,Hour8,Hour9,Hour10,Hour11,Hour12,Hour13,Hour14,Hour15,Hour16,Hour17,Hour18,Hour19,Hour20,Hour21,Hour22,Hour23
Winter,0.0,0.0,0.0,0.0,0.0,0.0,3.730379827324805e-06,2.7146194931315295e-06,0.0,0.0,0.0,0.0,3.118130285889808e-05,2.5777457880989855e-05,3.0853720151120755e-05,1.0447095037177841e-05,0.0,0.0,4.296666213637557e-06,2.953323171666949e-06,0.0,0.0,0.0,1.2371960870474098e-05
Spring,0.0,0.0,0.0,0.0,0.0,0.0,0.0,0.0,0.0,0.0,0.0,0.0,0.0,0.0,0.0,0.0,0.0,0.0,0.0,0.0,0.0,0.0,2.8233720941293964e-05,4.7961553171039025e-06
Summer,0.000651538488709201,0.00031311474753899584,8.356836923379244e-05,1.3716076773568548e-05,1.7177390521064113e-05,2.3897970036536365e-05,0.0,0.0,0.0,2.5802520663148757e-06,2.3719107890732763e-05,8.333982315859895e-05,6.29594753228667e-05,7.50724173081215e-05,7.197876463811112e-05,9.112363876301481e-05,0.00010619443067794766,0.00022642622753951845,0.00016701087251313047,0.0002195632207597952,0.0002538351952529403,0.000573869258024968,0.0009926153517088264,0.0008234548211840931
Fall,0.0007639683339746443,0.00047842311740503297,0.0002610820443243107,0.00023259746026413005,0.00017686219117268233,7.034723127594938e-05,1.7324541831060395e-05,6.863376015482664e-05,0.00014345699762472936,0.00010804359594065001,0.00012070729650055141,0.0002084490072043417,0.00023927650075666974,0.0002574752625474867,0.00021146131940853128,0.00017493391171859084,0.00039081628635217645,0.0002599730338610767,0.00017661241404132332,0.00024209398679839932,0.0006505295519966398,0.0011501637433966793,0.0012945349253221826,0.0010461765280692992
Summer Peak,0.0004001689412587829,0.0005201099215203249,0.00010385133656792051,0.0,0.0,0.0,0.0,0.0,0.0,0.0,0.0,0.0,0.0,0.0,0.0,0.0,0.0,0.0,0.0,0.0,0.0,7.368325464238023e-05,0.0003271560884369702,7.666959002490846e-05
Winter Peak,0.0,0.0,0.0,0.0,0.0,0.0,0.0,0.0,0.0,0.0,0.0,0.0,0.0,0.0,0.0,0.0,0.0,0.0,0.0,0.0,0.0,0.0,0.0,0.0
