Unit: dimensionless (ratio of electricity demand in this hour to annual demand),Hour0,Hour1,Hour2,Hour3,Hour4,Hour5,Hour6,Hour7,Hour8,Hour9,Hour10,Hour11,Hour12,Hour13,Hour14,Hour15,Hour16,Hour17,Hour18,Hour19,Hour20,Hour21,Hour22,Hour23
Winter,0,0,0,0.0,0.0,0.0,0.01589371276871276,0.21783378658378663,0.4341823685573686,0.44622830872830876,0.4102029914529915,0.3988814426314427,0.41374967624967646,0.4370070901320905,0.35928515928515936,0.13338432400932407,0.009789400414400415,0.0,0.0,0,0,0,0,0
Spring,0,0,0,0.0,0.014528647680821596,0.1395085892368501,0.3772866626127494,0.5472777524407958,0.6168446589642246,0.6304981250633425,0.6205744738353434,0.6195894986655859,0.6268897165636294,0.6241997736562955,0.598375054896794,0.5173832809702376,0.31619814364379606,0.07977876592007029,1.055707577446708e-05,0,0,0,0,0
Summer,0,0,0,2.0058443971487453e-05,0.054378441606702486,0.2754541653998176,0.5043495152190806,0.6164994425863992,0.6711185855207594,0.7050764754569102,0.700285674470457,0.6922010658423703,0.6819459224350529,0.6564505844397148,0.6207043258673695,0.5762495354886661,0.44335389851694185,0.19311425289686154,0.008007541974933285,0,0,0,0,0
Fall,0,0,0,0.0,3.184429413937611e-06,0.035051014559211294,0.25797858789662065,0.4455335193040111,0.49675188199778353,0.49923732915536206,0.49388111888111885,0.48478161183079216,0.4908989007349664,0.4945307424815621,0.469077598175959,0.34432598367024614,0.10756206452927769,0.0003359573031704179,0.0,0,0,0,0,0
Summer Peak,0,0,0,0.0,0.00203962703962704,0.1731740481740482,0.48076923076923084,0.6078088578088578,0.7247474747474748,0.7437839937839938,0.6891025641025642,0.6927933177933178,0.7574786324786326,0.723970473970474,0.6890054390054391,0.5768259518259519,0.41452991452991456,0.13490675990675993,0.0,0,0,0,0,0
Winter Peak,0,0,0,0.0,0.0,0.0,0.0007770007770007771,0.2435897435897436,0.6484071484071485,0.6582167832167833,0.5453574203574204,0.4260878010878011,0.43580031080031084,0.3936480186480187,0.31351981351981356,0.09576534576534577,0.0,0.0,0.0,0,0,0,0,0
