solar pv,Hour0,Hour1,Hour2,Hour3,Hour4,Hour5,Hour6,Hour7,Hour8,Hour9,Hour10,Hour11,Hour12,Hour13,Hour14,Hour15,Hour16,Hour17,Hour18,Hour19,Hour20,Hour21,Hour22,Hour23
Winter,0,0,0,0.0,0.0,0.0,0.012350501132540485,0.16282567839061934,0.32549248276835696,0.33505292183041374,0.30844217579573435,0.3007276704489219,0.31213469434922647,0.3307717880816553,0.26958836392411084,0.09606278121511122,0.007643532939418641,0.0,0.0,0,0,0,0,0
Spring,0,0,0,0.0,0.01120094346966089,0.10755493944813817,0.2908712959817227,0.42192689243778037,0.4755598942454231,0.48608611150258924,0.4784354162101308,0.47767604400716684,0.48330418846965045,0.4812303617031418,0.4613206480601505,0.3988795798211269,0.24377475522660547,0.06150589282508384,8.1390375451685e-06,0,0,0,0,0
Summer,0,0,0,1.6352916814890277e-05,0.041703380597299645,0.21029592819999188,0.38343975075621767,0.46870816242821745,0.5107007314491908,0.5384886405168512,0.5370280668413319,0.5299472538604844,0.5206501903113031,0.49983120584628304,0.47229891868883433,0.43803955796163935,0.3363820809217899,0.14639991812522132,0.006166770998878363,0,0,0,0,0
Fall,0,0,0,0.0,2.4550539480508265e-06,0.02702277880619545,0.1988900579664675,0.34348659787179103,0.3829736855722405,0.3848898551786943,0.3807604544380727,0.37374513778151747,0.3784612964157232,0.38126128544347504,0.36163803923670496,0.26546007329483984,0.08292558473028681,0.00025900819151936213,0.0,0,0,0,0,0
Summer Peak,0,0,0,0.0,0.0015724620537265542,0.133509516275926,0.3706517698069735,0.46859369201051315,0.5587481830908356,0.5734244955922834,0.5312675367233287,0.5341129442491195,0.583982455095876,0.5581491499275112,0.5311926575779131,0.44470724462295264,0.31958419263356824,0.10400713298219924,0.0,0,0,0,0,0
Winter Peak,0,0,0,0.0,0.0,0.0,0.0005990331633244016,0.1877968967021999,0.4998931747942132,0.5074559684811838,0.42044640150831436,0.3284948109380187,0.33598272547957375,0.30348517636922495,0.24170988140139604,0.07383083737973249,0.0,0.0,0.0,0,0,0,0,0
