solar pv,Hour0,Hour1,Hour2,Hour3,Hour4,Hour5,Hour6,Hour7,Hour8,Hour9,Hour10,Hour11,Hour12,Hour13,Hour14,Hour15,Hour16,Hour17,Hour18,Hour19,Hour20,Hour21,Hour22,Hour23
Winter,0,0,0,0.0,0.0,0.0,0.012135473705188912,0.15999081473971358,0.3198255215300352,0.3292195093206979,0.30307206758422767,0.2954918750252295,0.3067002978342344,0.3250129119139279,0.2648947169444116,0.09439028772782278,0.007510455811114121,0.0,0.0,0,0,0,0,0
Spring,0,0,0,0.0,0.01100593032546986,0.10568236264495462,0.2858071041894903,0.41458096750423257,0.46728019615756544,0.4776231475381277,0.4701056540735573,0.4693595028605316,0.47488965895707413,0.4728519383881675,0.4532888612466441,0.39193491830888827,0.23953053404828198,0.060435049321714285,7.997333472947144e-06,0,0,0,0,0
Summer,0,0,0,1.6068205644496104e-05,0.04097730717360074,0.20663458750311817,0.3767639031720089,0.4605477558775813,0.5018092165825793,0.5291133264477478,0.5276781819751841,0.5207206489311174,0.5115854511747044,0.491128933999193,0.46407599555909895,0.4304131047338797,0.3305255271923865,0.14385103387986828,0.006059404918042877,0,0,0,0,0
Fall,0,0,0,0.0,2.4123104246266797e-06,0.02655230084386587,0.19542729827506883,0.3375063515095187,0.37630595237921416,0.37818876066563545,0.37413125453141327,0.36723807749304255,0.37187212581875045,0.37462336585803707,0.3553417686339962,0.2608383015940337,0.0814818153678277,0.0002544987497981147,0.0,0,0,0,0,0
Summer Peak,0,0,0,0.0,0.0015450848269733884,0.13118505935683578,0.36419856635801295,0.4604352784380697,0.5490201418512106,0.5634409335696289,0.5220179451131519,0.5248138128952942,0.573815074550736,0.5484315381076017,0.5219443696452009,0.43696470416166444,0.3140200972153534,0.10219632498409698,0.0,0,0,0,0,0
Winter Peak,0,0,0,0.0,0.0,0.0,0.0005886037436089098,0.18452727362139323,0.4911898240416353,0.4986209463046978,0.4131262525455036,0.3227755779015359,0.3301331246966473,0.29820137160586396,0.23750161054619512,0.07254541139979814,0.0,0.0,0.0,0,0,0,0,0
