solar pv,Hour0,Hour1,Hour2,Hour3,Hour4,Hour5,Hour6,Hour7,Hour8,Hour9,Hour10,Hour11,Hour12,Hour13,Hour14,Hour15,Hour16,Hour17,Hour18,Hour19,Hour20,Hour21,Hour22,Hour23
Winter,0,0,0,0.0,0.0,0.0,0.01601972906320732,0.21119979054761667,0.4221935069761157,0.4345942704638358,0.4000777000777001,0.3900712813756293,0.40486723421506043,0.42904124860646636,0.34968075402858023,0.12460220938481817,0.009914361001317522,0.0,0.0,0,0,0,0,0
Spring,0,0,0,0.0,0.014528647680821596,0.1395085892368501,0.3772866626127494,0.5472777524407958,0.6168446589642246,0.6304981250633425,0.6205744738353434,0.6195894986655859,0.6268897165636294,0.6241997736562955,0.598375054896794,0.5173832809702376,0.31619814364379606,0.07977876592007029,1.055707577446708e-05,0,0,0,0,0
Summer,0,0,0,2.1211228107779838e-05,0.054093097196545474,0.27277304432476857,0.4973564111495146,0.6079573364056124,0.6624255374255374,0.698468995882789,0.6965744982986363,0.6873900365279676,0.6753308951584815,0.6483267690164243,0.6126148755459101,0.5681773526601115,0.4363183113183112,0.18989407782511228,0.007998865757486455,0,0,0,0,0
Fall,0,0,0,0.0,3.184429413937611e-06,0.035051014559211294,0.25797858789662065,0.4455335193040111,0.49675188199778353,0.49923732915536206,0.49388111888111885,0.48478161183079216,0.4908989007349664,0.4945307424815621,0.469077598175959,0.34432598367024614,0.10756206452927769,0.0003359573031704179,0.0,0,0,0,0,0
Summer Peak,0,0,0,0.0,0.05934343434343436,0.32210567210567215,0.6260295260295261,0.7651320901320902,0.8223776223776224,0.8200466200466201,0.7648601398601399,0.7759129759129759,0.7970473970473971,0.7978049728049728,0.7614607614607616,0.7167055167055167,0.565773115773116,0.2491452991452992,0.00815850815850816,0,0,0,0,0
Winter Peak,0,0,0,0.0,0.0,0.0,0.012995337995337997,0.37041569541569547,0.7099261849261851,0.7138111888111888,0.6430846930846932,0.6015151515151516,0.6180458430458431,0.6202214452214453,0.5801864801864802,0.33537296037296044,0.006915306915306916,0.0,0.0,0,0,0,0,0
