Unit: dimensionless (ratio of electricity demand in this hour to annual demand),Hour0,Hour1,Hour2,Hour3,Hour4,Hour5,Hour6,Hour7,Hour8,Hour9,Hour10,Hour11,Hour12,Hour13,Hour14,Hour15,Hour16,Hour17,Hour18,Hour19,Hour20,Hour21,Hour22,Hour23
Winter,0,0,0,0.0,0.0,0.0,0.04671610607753089,0.2125584377973605,0.3305852054114433,0.3272785569484092,0.30479913946464776,0.2937755988581357,0.30894356873939843,0.4143157089073683,0.3154917049356667,0.11583612593603905,0.008918745604236483,0.0,0.0,0,0,0,0,0
Spring,0,0,0,0.0,0.004509985915568964,0.02154621150390425,0.27809601156973957,0.3800840209161896,0.4087614874454295,0.4178124881955198,0.4092134303953895,0.4133159931142782,0.41836965965323164,0.46919098164706907,0.4301363653533787,0.3419305923555537,0.1890726940116884,0.09126684330665744,0.000230693266994404,0,0,0,0,0
Summer,0,0,0,3.5076169250611126e-05,0.010772431210235765,0.03679490154389109,0.3340586905256569,0.4078265726265574,0.44309970805834525,0.45272811651763795,0.44314827506192284,0.42979909449520004,0.42783617810059865,0.4593143418361563,0.43555968075289647,0.3853225118854249,0.25781928757602085,0.15119312938789387,0.012078343973104666,0,0,0,0,0
Fall,0,0,0,0.0,0.0,0.0,0.20765162967951709,0.3122262079405546,0.3351611570836479,0.337515285557615,0.3411451604042509,0.3302880907957035,0.31959989989358606,0.38410139233372054,0.3691444360570281,0.2334798983472268,0.06276794234521656,0.008694201356319826,0.0,0,0,0,0,0
Summer Peak,0,0,0,0.0,0.0028546605436266595,0.02544371354102023,0.25716768027801906,0.39754250961896487,0.40213478962392946,0.4138016631500558,0.4701501799677299,0.44979520913491366,0.44780935832195606,0.47523892267593393,0.40412064043688717,0.3559637582226635,0.3291547722477349,0.13081792230358694,0.0,0,0,0,0,0
Winter Peak,0,0,0,0.0,0.0,0.0,0.01117041082288693,0.27131686732034255,0.49360804269579245,0.42000744694054853,0.3557155268710438,0.3073104133052004,0.30420752140995405,0.31413677547474245,0.22216705969964004,0.06106491249844855,0.0,0.0,0.0,0,0,0,0,0
