Unit: dimensionless (ratio of electricity demand in this hour to annual demand),Hour0,Hour1,Hour2,Hour3,Hour4,Hour5,Hour6,Hour7,Hour8,Hour9,Hour10,Hour11,Hour12,Hour13,Hour14,Hour15,Hour16,Hour17,Hour18,Hour19,Hour20,Hour21,Hour22,Hour23
Winter,0,0,0,0,0,0,0,0,0,0,0,0,0.0,0.0,0.0,0.0,0.0,0.0,0.0,0.0,0.0,0,0,0
Spring,0,0,0,0,0,0,0,0,0,0,0,0,0.0,0.0,0.0,0.0,0.0,0.0,0.011399719480656633,0.0,0.0,0,0,0
Summer,0,0,0,0,0,0,0,0,0,0,0,0,0.017693027087411387,0.07781067606772651,0.07781067606772651,0.16216307977931654,0.7031667161494619,0.95,0.95,0.6193111525120893,0.09186020927754306,0,0,0
Fall,0,0,0,0,0,0,0,0,0,0,0,0,0.0,0.0,0.0,0.0,0.0,0.01719301954459689,0.0,0.0,0.0,0,0,0
Summer Peak,0,0,0,0,0,0,0,0,0,0,0,0,0.0,0.0,0.0,0.0,0.95,0.95,0.95,0.95,0.0,0,0,0
Winter Peak,0,0,0,0,0,0,0,0,0,0,0,0,0.0,0.0,0.0,0.0,0.0,0.0,0.0,0.0,0.0,0,0,0
